101,0.11795305460691452,0.18342605233192444
102,0.08953617513179779,0.08215686678886414
103,-0.025467224419116974,0.0013578608632087708
104,0.06841859966516495,0.07663975656032562
105,0.11509395390748978,-0.23974858224391937
106,-0.10203345119953156,-0.059408366680145264
107,0.16709700226783752,-0.029960524290800095
108,-0.04856857284903526,-0.26729103922843933
109,0.0733637884259224,0.06933389604091644
110,-0.13414745032787323,-0.07582522928714752
111,-0.044926878064870834,0.015382915735244751
112,-0.037284716963768005,-0.24244089424610138
113,0.015148216858506203,-0.1441727727651596
114,0.03666168451309204,0.10387523472309113
115,0.12725354731082916,-0.09136117994785309
116,0.1248975545167923,0.15540578961372375
117,-0.13500230014324188,-0.2033795565366745
118,-0.040752045810222626,-0.25716736912727356
119,-0.15775848925113678,-0.08600335568189621
120,0.15016931295394897,0.17805126309394836
121,0.09324824810028076,-0.039651058614254
122,0.14391914010047913,-0.136489138007164
123,-0.12776488065719604,-0.15845438838005066
124,0.049932271242141724,0.006519325077533722
125,0.026605375111103058,-0.10966364294290543
126,-0.04748574271798134,0.03674604743719101
127,-0.08553951233625412,-0.10514264553785324
128,-0.07024908810853958,-0.08846553415060043
129,0.11018256843090057,-0.11089488118886948
130,0.03356470912694931,0.03664790466427803
131,0.00022496655583381653,0.044759590178728104
132,-0.04013577848672867,0.09623441845178604
133,0.04201382026076317,-0.05046266317367554
134,-0.05315353721380234,0.0015628635883331299
135,-0.013844157569110394,-0.17437897622585297
136,-0.004834655672311783,-0.20124776661396027
137,0.10849650949239731,0.11824046075344086
138,-0.24917393922805786,-0.24791553616523743
139,-0.12418419122695923,-0.2287522703409195
140,0.07544220238924026,0.1427164226770401
141,-0.07247355580329895,-0.16321781277656555
142,0.17406633496284485,0.2308652400970459
143,0.04346258193254471,-0.23402971029281616
144,-0.03196065127849579,-0.17493857443332672
145,0.12098392844200134,0.20779506862163544
146,-0.20530037581920624,0.032858848571777344
147,-0.06495200842618942,-0.2820863723754883
148,-0.14512896537780762,-0.1413290798664093
149,-0.07206274569034576,-0.007599525153636932
150,0.12297749519348145,-0.24935388565063477
151,0.15750625729560852,0.07130919396877289
152,0.06579600274562836,-0.3476867973804474
153,0.0418146476149559,0.0763375461101532
154,0.16436666250228882,-0.23619073629379272
155,-0.04902149736881256,-0.02416006475687027
156,0.10328218340873718,-0.23220336437225342
157,-0.11240066587924957,0.15730352699756622
158,0.11002036929130554,-0.0004174923524260521
159,0.060555074363946915,-0.14288796484470367
160,0.037249185144901276,0.24529141187667847
161,-0.16093280911445618,-0.09890426695346832
162,0.005414564162492752,0.11098439991474152
163,-0.20222285389900208,-0.1701519936323166
164,0.11591054499149323,0.04101427644491196
165,-0.19991953670978546,-0.23708370327949524
166,-0.016620434820652008,-0.01657942682504654
167,-0.2654639184474945,-0.072091244161129
168,0.014023195952177048,-0.05738753080368042
169,0.06535419821739197,-0.18183697760105133
170,-0.010529108345508575,-0.08197161555290222
171,0.12375031411647797,0.2500556409358978
172,-0.052603013813495636,-0.19460643827915192
173,-0.19880904257297516,-0.1814996749162674
174,0.17065826058387756,-0.06794549524784088
175,-0.002083824947476387,-0.20660357177257538
176,0.05100778490304947,0.025007331743836403
177,0.12466098368167877,0.09420694410800934
178,0.008319646120071411,-0.11992793530225754
179,-0.02231508120894432,-0.3309636414051056
180,-0.1448153555393219,-0.15786495804786682
181,-0.11625838279724121,0.009686678647994995
182,-0.05962265655398369,-0.32778429985046387
183,0.06481873989105225,0.16584324836730957
184,0.1530265212059021,-0.04545190930366516
185,0.03171025216579437,0.05859882012009621
186,0.004290260374546051,-0.19075867533683777
187,0.06338071078062057,0.030160270631313324
188,0.07748778909444809,0.1813858598470688
189,0.011957548558712006,0.1740538626909256
190,-0.03480979800224304,-0.21127115190029144
191,-0.1405889391899109,-0.27661362290382385
192,-0.11890056729316711,-0.1593380868434906
193,0.10522691905498505,-0.1147572323679924
194,0.009453333914279938,0.013573646545410156
195,0.09900204092264175,0.03238881006836891
196,0.2978343367576599,0.1754913628101349
197,-0.03558984026312828,-0.07845808565616608
198,0.12712357938289642,0.09652012586593628
199,-0.00951005145907402,-0.016944432631134987
200,-0.013403348624706268,-0.3200783431529999
201,0.1506233811378479,-0.0775582417845726
202,-0.037031639367341995,-0.10872583091259003
203,-0.050482939928770065,-0.09191630780696869
204,-0.0774974450469017,-0.18502601981163025
205,0.01795053854584694,-0.24591554701328278
206,-0.1263127624988556,-0.12318077683448792
207,-0.07474217563867569,0.044923990964889526
208,-0.05002802982926369,-0.06996525079011917
209,0.061325330287218094,-0.23119543492794037
210,-0.1663120687007904,0.07515766471624374
211,0.028129342943429947,-0.04669094458222389
212,-0.16357411444187164,-0.18292298913002014
213,0.20356224477291107,-0.0943998172879219
214,-0.07906893640756607,-0.14595654606819153
215,0.12162557244300842,-0.14226394891738892
216,-0.060718897730112076,-0.10502222180366516
217,0.2510380446910858,-0.27631261944770813
218,-0.05464774742722511,-0.052518442273139954
219,0.06049034744501114,-0.16121871769428253
220,0.014291666448116302,-0.08969239145517349
221,-0.10919757187366486,-0.07498179376125336
222,-0.047134242951869965,-0.1296699345111847
223,-0.045946430414915085,-0.25000959634780884
224,-0.0420449897646904,-0.12530238926410675
225,0.19476784765720367,0.07415226101875305
226,-0.1710623949766159,-0.14913180470466614
227,0.10680612921714783,0.02018357627093792
228,0.05138324573636055,-0.1386204957962036
229,0.0014907494187355042,-0.33577731251716614
230,-0.08959591388702393,-0.3119349777698517
231,0.19732233881950378,0.11767110228538513
232,-0.12431663274765015,-0.23992577195167542
233,-0.018741875886917114,-0.028657155111432076
234,0.08738569915294647,-0.0997939333319664
235,0.17639173567295074,0.02534555271267891
236,-0.06206619367003441,0.04778888076543808
237,-0.09261856973171234,-0.08548203110694885
238,0.09203426539897919,-0.0015008226037025452
239,-0.1404052972793579,-0.03254973888397217
240,0.042773835361003876,0.1757083535194397
241,-0.10068836063146591,0.20447885990142822
242,0.03821805119514465,0.14126098155975342
243,0.048958539962768555,-0.14396776258945465
244,-0.012525330297648907,0.12563630938529968
245,0.05304824933409691,-0.29499703645706177
246,0.043170809745788574,0.02479751780629158
247,-0.04871545732021332,-0.11715701222419739
248,0.07471414655447006,-0.03642202541232109
249,0.17529034614562988,-0.13341379165649414
250,-0.17380592226982117,0.004339583218097687
251,-0.17335698008537292,-0.020106062293052673
252,0.02186509594321251,0.13782258331775665
253,-0.003304896177724004,-0.0728081688284874
254,-0.008587338030338287,-0.33595389127731323
255,-0.05832092463970184,-0.3153102695941925
256,-0.24848948419094086,0.05405570566654205
257,-0.16651639342308044,-0.1737566888332367
258,0.165596142411232,-0.17874976992607117
259,-0.014702804386615753,0.0774693489074707
260,0.20443296432495117,-0.11968648433685303
261,-0.11847956478595734,-0.00199870765209198
262,-0.0577886626124382,-0.2179126888513565
263,-0.12585096061229706,-0.10478880256414413
264,0.06475779414176941,0.04057076945900917
265,0.00968710333108902,0.03316323459148407
266,0.19586336612701416,0.1330130249261856
267,-0.11072441190481186,0.08054634183645248
268,0.07484769076108932,-0.06373752653598785
269,0.1065821498632431,0.02531539648771286
270,-0.20764723420143127,-0.16298428177833557
271,0.0003105662763118744,0.01325608603656292
272,0.129368394613266,-0.05348697304725647
273,-0.1435055434703827,-0.23613621294498444
274,0.09364796429872513,0.049679432064294815
275,0.1576082408428192,0.024965299293398857
276,-0.11765850335359573,0.002201944589614868
277,-0.10641132295131683,0.178726926445961
278,-0.074949711561203,-0.06384260207414627
279,-0.14855115115642548,-0.13703395426273346
280,-0.18738515675067902,-0.34730592370033264
281,0.027383988723158836,-0.060294777154922485
282,-0.03732669726014137,0.04930520057678223
283,0.15511809289455414,0.14285290241241455
284,0.06585720926523209,-0.2613406181335449
285,0.017506249248981476,-0.05906318500638008
286,0.01981264352798462,0.32875293493270874
287,-0.02274809032678604,0.09155461937189102
288,-0.17830727994441986,-0.04675641655921936
289,-0.19507038593292236,-0.1559554934501648
290,0.06855545192956924,-0.06379864364862442
291,-0.12005920708179474,-0.21574069559574127
292,-0.08017332851886749,-0.07054802030324936
293,0.16490934789180756,0.10913045704364777
294,-0.13051512837409973,-0.12502408027648926
295,-0.0684865266084671,-0.04441911354660988
296,0.09543547034263611,-0.15762874484062195
297,0.05638972297310829,0.23920324444770813
298,-0.0005039498209953308,0.12076302617788315
299,0.17913340032100677,-0.008913017809391022
300,0.04495365917682648,0.14454156160354614
301,0.0028262981213629246,-0.1279652714729309
302,-0.02865356020629406,-0.041284240782260895
303,0.030009977519512177,0.051379211246967316
304,0.21627674996852875,0.22833462059497833
305,-0.2066737711429596,-0.22919166088104248
306,-0.014443985186517239,-0.11078418791294098
307,0.13309213519096375,0.10123588889837265
308,0.12450019270181656,-0.1439722180366516
309,0.12343311309814453,0.17024335265159607
310,-0.20745140314102173,-0.09963805228471756
311,-0.03688177466392517,-0.0907365158200264
312,0.09770970791578293,-0.06595737487077713
313,-0.04896477609872818,-0.34296852350234985
314,-0.09684651345014572,-0.17407692968845367
315,-0.07220488786697388,0.046381428837776184
316,-0.10296168923377991,-0.18306110799312592
317,-0.16186222434043884,-0.16506783664226532
318,0.06715090572834015,-0.24167409539222717
319,-0.16267070174217224,-0.14991000294685364
320,-0.044867634773254395,0.0714598149061203
321,-0.10237203538417816,-0.19616161286830902
322,0.1480182707309723,-0.0916711762547493
323,0.003441348671913147,0.07224554568529129
324,-0.019942019134759903,-0.07571178674697876
325,-0.0023720040917396545,-0.3218112587928772
326,0.019159827381372452,-0.16884957253932953
327,0.06925790011882782,-0.10211748629808426
328,-0.15567705035209656,-0.40378546714782715
329,-0.03690703958272934,0.06388349831104279
330,-0.0062587670981884,-0.13277502357959747
331,0.052501384168863297,0.032192766666412354
332,-0.30058303475379944,0.08811590820550919
333,-0.19527485966682434,-0.15937946736812592
334,0.013452749699354172,0.13388361036777496
335,-0.011651282198727131,-0.13762618601322174
336,0.010723870247602463,0.016162678599357605
337,-0.002718960866332054,-0.04224472492933273
338,0.05094598978757858,-0.03699015825986862
339,-0.03744598105549812,-0.06655299663543701
340,-0.035656724125146866,-0.1201605498790741
341,-0.028970874845981598,0.15847589075565338
342,0.026705624535679817,0.06216404587030411
343,-0.10010676085948944,-0.05838648974895477
344,0.04356902837753296,-0.043998099863529205
345,-0.08924730122089386,-0.13576041162014008
346,0.16768723726272583,-0.06449586153030396
347,-0.1696324646472931,-0.06759095191955566
348,0.10340666770935059,-0.2564486563205719
349,-0.14677385985851288,-0.12216158211231232
350,0.05162700638175011,-0.07691057026386261
351,0.18038280308246613,0.21304413676261902
352,0.01591372862458229,-0.1703871637582779
353,-0.0687059611082077,-0.005261637270450592
354,0.126388818025589,-0.20515760779380798
355,-0.19230622053146362,-0.23121875524520874
356,0.2346217781305313,0.13374018669128418
357,0.13770820200443268,-0.1400856077671051
358,0.08313977718353271,-0.026090536266565323
359,-0.002518072724342346,0.19238337874412537
360,0.03552178293466568,0.0684002935886383
361,-0.0014307405799627304,-0.12013214081525803
362,0.17654970288276672,-0.0657501071691513
363,0.05879050865769386,0.19050592184066772
364,-0.08902635425329208,-0.3317350149154663
365,-0.1026914119720459,-0.27973148226737976
366,0.025643453001976013,-0.17704680562019348
367,0.028500445187091827,0.053729571402072906
368,-0.08314782381057739,0.018049832433462143
369,0.12303861230611801,-0.10453681647777557
370,0.045295462012290955,-0.1389048546552658
371,0.11628525704145432,-0.17998766899108887
372,0.003819018602371216,-0.0351782962679863
373,-0.0042293258011341095,-0.10479392856359482
374,-0.08221904933452606,-0.21829462051391602
375,-0.06273361295461655,-0.1532081514596939
376,-0.02704392746090889,0.09005920588970184
377,0.0891556367278099,0.1947319060564041
378,0.11311101168394089,-0.010404880158603191
379,-0.13101829588413239,-0.1456369161605835
380,0.1316635012626648,-0.06173855811357498
381,0.2741246223449707,-0.0561346672475338
382,0.15148235857486725,0.1805827021598816
383,0.07672935724258423,-0.22359909117221832
384,-0.04127632454037666,-0.024362865835428238
385,0.13008424639701843,0.0023914482444524765
386,0.10552243888378143,-0.1525687426328659
387,-0.07336149364709854,-0.22848919034004211
388,0.08073350787162781,-0.22804789245128632
389,0.0071558235213160515,-0.001852571964263916
390,0.009081024676561356,0.022466231137514114
391,0.11750070750713348,0.06586089730262756
392,0.0528252050280571,0.07924710959196091
393,-0.2660905718803406,-0.11204813420772552
394,0.029825806617736816,-0.3440787196159363
395,-0.026997968554496765,0.12658719718456268
396,0.2104586362838745,-0.06652510166168213
397,0.09828241914510727,0.005227833986282349
398,-0.014713635668158531,-0.14119179546833038
399,0.03614887595176697,0.11098343133926392
400,0.08805815875530243,0.09787655621767044
401,0.03665963560342789,-0.001285787671804428
402,0.14903409779071808,0.09545478224754333
403,-0.1072693020105362,-0.135599285364151
404,0.05341971293091774,-0.423393577337265
405,-0.01962145045399666,-0.13532982766628265
406,0.023556368425488472,-0.038105059415102005
407,0.03786584734916687,-0.14744193851947784
408,0.009850230067968369,-0.184656023979187
409,0.10924432426691055,0.03600575774908066
410,-0.0315062552690506,-0.047486115247011185
411,-0.0761846974492073,-0.10773710906505585
412,-0.22019891440868378,-0.01819688081741333
413,0.3867070972919464,-0.007286582142114639
414,-0.11362748593091965,0.016477182507514954
415,0.0029409416019916534,-0.2548888921737671
416,-0.062448661774396896,-0.09738694131374359
417,-0.07299753278493881,0.11424612998962402
418,0.053389448672533035,-0.2770375907421112
419,-0.14826446771621704,-0.13704577088356018
420,0.09673728048801422,0.029741164296865463
421,0.04752108454704285,0.04128102585673332
422,0.17814034223556519,0.10305716097354889
423,-0.07955048978328705,-0.01091243326663971
424,-0.009940728545188904,-0.3737533390522003
425,0.06537113338708878,-0.14990487694740295
426,0.03287021815776825,-0.25378042459487915
427,-0.017020104452967644,0.0009383466094732285
428,-0.27277901768684387,-0.1372816115617752
429,0.18905818462371826,-0.054479945451021194
430,-0.001405575079843402,-0.19643905758857727
431,0.0011350810527801514,0.08716662228107452
432,0.05731827765703201,0.017099320888519287
433,0.12846234440803528,0.12538006901741028
434,0.15727858245372772,-0.1582213193178177
435,0.12133421003818512,-0.04928991571068764
436,0.12596291303634644,0.09483538568019867
437,-0.10091838985681534,-0.24419894814491272
438,0.1366114616394043,-0.06126072257757187
439,0.16022683680057526,-0.1002352386713028
440,0.08350896835327148,-0.03294865041971207
441,0.15768888592720032,0.002129903994500637
442,0.09849436581134796,-0.11083455383777618
443,0.10439181327819824,0.016295859590172768
444,-0.0513257198035717,-0.08246667683124542
445,-0.1022612601518631,-0.08500546216964722
446,0.041964009404182434,-0.14507821202278137
447,-0.02929823473095894,-0.052466634660959244
448,-0.034872692078351974,-0.1089632511138916
449,0.04458336904644966,-0.07225508987903595
450,0.08705472201108932,-0.1228107362985611
451,0.04833536595106125,-0.14637485146522522
452,0.21211883425712585,-0.08596836775541306
453,-0.08688263595104218,-0.1551464945077896
454,-0.06606249511241913,-0.06820462644100189
455,0.1407565474510193,0.05645888298749924
456,0.03905289247632027,-0.029063161462545395
457,-0.0019364384934306145,0.04922430217266083
458,-0.080642469227314,-0.12613843381404877
459,0.09294962137937546,-0.01085001789033413
460,0.0838698223233223,-0.13763292133808136
461,0.21671190857887268,-0.13686633110046387
462,0.011522513814270496,-0.10374996066093445
463,0.015928812325000763,0.010361556895077229
464,-0.21300962567329407,-0.2727222144603729
465,0.047623347491025925,-0.34607499837875366
466,-0.10342711955308914,0.006520628929138184
467,-0.15670734643936157,-0.3040406107902527
468,-0.13623583316802979,-0.01870940998196602
469,0.037580423057079315,-0.12536747753620148
470,-0.009061411023139954,-0.21340203285217285
471,0.007288224995136261,0.03635476529598236
472,0.15617895126342773,-0.03456825017929077
473,-0.07766973972320557,-0.20318816602230072
474,0.324400931596756,0.10237640142440796
475,-0.11743210256099701,-0.179539293050766
476,0.039625879377126694,-0.24668258428573608
477,-0.027485016733407974,-0.017532169818878174
478,0.13610047101974487,-0.02568272314965725
479,-0.3038817346096039,-0.012507986277341843
480,-0.2055085003376007,-0.13591301441192627
481,0.16302534937858582,-0.01240549422800541
482,-0.0038380324840545654,-0.037131309509277344
483,-0.10333122313022614,-0.11641527712345123
484,0.1352071613073349,0.09855219721794128
485,-0.11552237719297409,0.0668768510222435
486,0.03677600622177124,-0.04219608008861542
487,0.031481340527534485,-0.06942597776651382
488,-0.09821803867816925,-0.1843416839838028
489,-0.06308535486459732,-0.2415294051170349
490,-0.004165131598711014,0.043436918407678604
491,0.05985357612371445,-0.11327458173036575
492,0.036469023674726486,-0.30994123220443726
493,8.386000990867615e-05,0.12392573058605194
494,-0.025647446513175964,0.05452169477939606
495,0.13428917527198792,-0.11715608835220337
496,-0.06648686528205872,-0.2779037356376648
497,0.20658758282661438,-0.08662234991788864
498,-0.07588005065917969,-0.009139254689216614
499,-0.13207852840423584,-0.3691438138484955
500,0.18437883257865906,-0.17844153940677643
501,0.16178080439567566,0.025655634701251984
502,-0.0005264431238174438,0.06280867010354996
503,0.111872598528862,0.24790401756763458
504,0.03487171605229378,0.26483869552612305
505,0.13146698474884033,0.03539881110191345
506,-0.04441586136817932,-0.07413340359926224
507,-0.0475379079580307,-0.06735150516033173
508,0.11218075454235077,-0.17465601861476898
509,-0.16119416058063507,0.08557949215173721
510,-0.0656554251909256,-0.11715148389339447
511,-0.055376071482896805,-0.10718777030706406
512,-0.07994544506072998,-0.11126333475112915
513,-0.06664419174194336,-0.14395835995674133
514,0.09819751977920532,-0.06760906428098679
515,-0.0310062225908041,0.06217756122350693
516,-0.015964291989803314,-0.011883072555065155
517,-0.016730546951293945,-0.13435253500938416
518,0.0055838413536548615,-0.29580557346343994
519,0.09826318174600601,-0.20493057370185852
520,0.11641742289066315,0.020532630383968353
521,0.2678155303001404,-0.12431621551513672
522,0.0015368331223726273,0.08584380149841309
523,0.08522644639015198,0.08440453559160233
524,0.11638420820236206,-0.13046175241470337
525,0.1349288821220398,0.06309262663125992
526,-0.09354935586452484,-0.06446025520563126
527,-0.01570664346218109,-0.18878060579299927
528,-0.07214704155921936,0.07292360812425613
529,-0.033106666058301926,-0.08771432191133499
530,0.0541049987077713,-0.16900348663330078
531,-0.006276133470237255,-0.20021308958530426
532,-0.05172690749168396,0.031005093827843666
533,-0.02997538447380066,-0.05896074324846268
534,-0.09737233817577362,-0.01476077176630497
535,-0.06552121788263321,0.11283349990844727
536,-0.0946427434682846,0.022493287920951843
537,-0.057791952043771744,0.11809557676315308
538,0.08715540170669556,-0.09770315885543823
539,0.09091591835021973,-0.10466630756855011
540,-0.10392369329929352,-0.11350296437740326
541,-0.11673958599567413,-0.09984105080366135
542,0.13252688944339752,-0.24886713922023773
543,0.017635472118854523,-0.15327684581279755
544,0.0890820324420929,0.13722649216651917
545,0.0786014124751091,-0.1124754473567009
546,0.0015254504978656769,-0.22636139392852783
547,0.13531960546970367,-0.10313238203525543
548,0.007007053587585688,-0.048496946692466736
549,0.005527740344405174,-0.2804255783557892
550,0.08401313424110413,0.02866213023662567
551,0.07206893712282181,-0.07840511202812195
552,0.06161973625421524,0.19306939840316772
553,0.11428702622652054,-0.030152462422847748
554,0.051479071378707886,-0.10545070469379425
555,-0.13310809433460236,-0.0807332769036293
556,0.07277825474739075,-0.20322757959365845
557,0.06604268401861191,0.20559009909629822
558,0.06875547021627426,0.1271618902683258
559,0.0017195288091897964,-0.07951825857162476
560,-0.11426468193531036,-0.038980331271886826
561,0.20142188668251038,0.14796021580696106
562,-0.07747218757867813,0.04620452970266342
563,0.010288857854902744,-0.24615231156349182
564,0.07412199676036835,-0.3180132508277893
565,0.04996580630540848,0.009134449064731598
566,-0.034498244524002075,-0.010898757725954056
567,-0.022983288392424583,0.07486479729413986
568,-0.1484089493751526,-0.14940936863422394
569,0.16973893344402313,0.05906626209616661
570,-0.018972260877490044,-0.006873812526464462
571,0.08384136110544205,-0.05486920475959778
572,-0.04054110869765282,-0.04716290533542633
573,-0.0005596112459897995,-0.1397089958190918
574,0.08191747963428497,-0.21476426720619202
575,-0.2112848162651062,-0.10737734287977219
576,0.16573885083198547,0.025203920900821686
577,-0.05423937737941742,-0.0896671786904335
578,0.06150340288877487,-0.12168339639902115
579,-0.17536258697509766,-0.22688111662864685
580,0.0013892962597310543,0.05607598274946213
581,0.04979058355093002,0.07352586835622787
582,0.05822344124317169,-0.08536851406097412
583,-0.1755204051733017,-0.12048040330410004
584,0.06880407780408859,-0.14573848247528076
585,0.04210514575242996,-0.16552671790122986
586,0.03618379682302475,-0.12027841806411743
587,-0.09096470475196838,0.11894150823354721
588,0.04198050871491432,-0.06465411931276321
589,-0.003504351945593953,0.07528401911258698
590,0.058945946395397186,-0.08672162145376205
591,0.1628480851650238,-0.08212205767631531
592,-0.1723044514656067,-0.0562102235853672
593,-0.09577710926532745,-0.06709106266498566
594,-0.1282242238521576,-0.1543666422367096
595,-0.07091502845287323,-0.10353558510541916
596,0.09862174093723297,-0.14730316400527954
597,0.06036180257797241,0.07346095144748688
598,-0.029884491115808487,-0.03648018464446068
599,0.16526655852794647,0.10464683175086975
600,0.05134633556008339,-0.16629177331924438
601,0.07386992871761322,-0.005719516426324844
602,-0.11425470560789108,-0.14908479154109955
603,-0.15870049595832825,0.06384691596031189
604,0.06512410193681717,-0.049749232828617096
605,-0.0937863141298294,0.07546331733465195
606,0.03617874160408974,-0.362751841545105
607,-0.2320333570241928,-0.0816856101155281
608,0.025301985442638397,-0.07550543546676636
609,-0.09414561837911606,-0.21979424357414246
610,0.049871768802404404,-0.18145135045051575
611,-0.172845721244812,-0.11436536908149719
612,0.00015944615006446838,-0.13888853788375854
613,-0.0031688474118709564,-0.18089088797569275
614,-0.1149352565407753,-0.1533428430557251
615,0.036069341003894806,-0.07217397540807724
616,-0.13043180108070374,-0.08946233987808228
617,-0.07099372148513794,0.003735587000846863
618,-0.03920481353998184,0.06576555967330933
619,-0.005501167383044958,-0.2343730926513672
620,0.10123810172080994,-0.04330120235681534
621,0.02660258486866951,-0.04554910957813263
622,-0.15950565040111542,-0.23912940919399261
623,-0.12545320391654968,-0.11376875638961792
624,0.01761149987578392,-0.11331778764724731
625,0.23040050268173218,-0.001865459606051445
626,0.08078944683074951,-0.1293981969356537
627,0.11508514732122421,-0.013886749744415283
628,0.023707371205091476,0.02418619394302368
629,-0.17341482639312744,-0.1626257598400116
630,-0.07976427674293518,-0.10958817601203918
631,-0.10390592366456985,-0.06319529563188553
632,-0.025481995195150375,-0.06876188516616821
633,-0.16777998208999634,-0.04353010281920433
634,-0.06249032914638519,0.03828192129731178
635,-0.07378069311380386,0.12068714201450348
636,0.03209095448255539,-0.17439964413642883
637,0.0029799779877066612,0.0967220589518547
638,-0.0547611378133297,-0.1487325131893158
639,0.05628497153520584,0.08198241889476776
640,-0.00970880500972271,0.019307054579257965
641,-0.18889351189136505,-0.10797818005084991
642,-0.1013135015964508,-0.04665176570415497
643,0.0027527636848390102,-0.0619548037648201
644,0.03356979787349701,0.05380186438560486
645,0.017724918201565742,0.02245936542749405
646,-0.0735619068145752,-0.28090769052505493
647,-0.11310644447803497,-0.21917051076889038
648,-0.15646593272686005,-0.16753828525543213
649,0.031966276466846466,-0.07835793495178223
650,0.08689913898706436,0.029801420867443085
651,-0.17089174687862396,-0.11622674018144608
652,0.04633070528507233,-0.09530744701623917
653,-0.00042238086462020874,-0.23770824074745178
654,0.077581025660038,-0.07755132764577866
655,0.05274290591478348,-0.09993179142475128
656,-0.04931877553462982,-0.22175738215446472
657,-0.06202530860900879,0.017064936459064484
658,-0.07498569041490555,-0.21165680885314941
659,-0.049472302198410034,-0.24558350443840027
660,-0.15273669362068176,0.17722941935062408
661,-0.08305676281452179,-0.047241196036338806
662,0.04924650490283966,-0.2516196668148041
663,0.10404160618782043,-0.0356883630156517
664,-0.18774275481700897,0.06336726248264313
665,-0.12222609668970108,-0.11828237771987915
666,-0.02233823947608471,-0.2069079428911209
667,-0.04102957248687744,-0.1140807718038559
668,0.00458873063325882,-0.1300041675567627
669,-0.02243955433368683,0.06450536847114563
670,-0.14780884981155396,-0.048490554094314575
671,0.007728905882686377,-0.3372769355773926
672,0.12324421107769012,-0.08392980694770813
673,-0.0050943391397595406,-0.15592558681964874
674,0.0063042230904102325,-0.10268948972225189
675,0.0005567781627178192,-0.13696375489234924
676,-0.02078436315059662,0.09816882014274597
677,-0.08131783455610275,-0.042080093175172806
678,-0.07630084455013275,-0.08537805080413818
679,0.10487100481987,-0.28328877687454224
680,-0.13618740439414978,-0.09855752438306808
681,0.08679003268480301,0.054231420159339905
682,0.2579745054244995,-0.23889301717281342
683,-0.4469761848449707,-0.2291211485862732
684,0.025347642600536346,-0.19516532123088837
685,-0.08318112790584564,-0.12076631188392639
686,0.06205787509679794,-0.040513139218091965
687,0.13849367201328278,-0.2216273546218872
688,0.14138509333133698,0.02317357063293457
689,-0.05478493869304657,0.008130677044391632
690,0.1307019293308258,-0.1755213737487793
691,-0.2209722399711609,-0.16459175944328308
692,0.07440339028835297,0.04691913723945618
693,0.04430405795574188,-0.10435788333415985
694,0.01804506778717041,-0.0443861186504364
695,-0.08644802123308182,-0.12221653014421463
696,-0.05056020990014076,-0.027096044272184372
697,-0.10331432521343231,0.12474299967288971
698,0.0451674684882164,0.23023685812950134
699,0.09910072386264801,-0.04706219583749771
700,-0.12589888274669647,-0.15472787618637085
701,-0.010837361216545105,-0.08623242378234863
702,-0.05546700209379196,0.012056317180395126
703,-0.04059011489152908,0.01795896887779236
704,-0.168589785695076,-0.012231219559907913
705,0.11610795557498932,-0.06945821642875671
706,-0.07925261557102203,-0.08427657932043076
707,-0.03700289875268936,-0.29253336787223816
708,0.17612960934638977,0.057776011526584625
709,-0.04654155299067497,-0.2841963469982147
710,-0.005225563421845436,-0.0696427971124649
711,-0.03082515299320221,-0.0042576417326927185
712,-0.03287559747695923,0.00762765109539032
713,-0.1576152741909027,-0.009319767355918884
714,-0.03871580958366394,-0.021788310259580612
715,-0.0006384551525115967,-0.04290233179926872
716,-0.0433521643280983,-0.04506848007440567
717,0.1420072466135025,0.03000900149345398
718,0.18470408022403717,-0.17780908942222595
719,-0.03883582353591919,-0.16949322819709778
720,0.15732239186763763,-0.09345124661922455
721,0.06072874367237091,-0.00704159215092659
722,0.007346739061176777,-0.11902093887329102
723,-0.015899159014225006,-0.20627740025520325
724,0.08128947019577026,-0.1577877402305603
725,0.036565765738487244,-0.08985109627246857
726,0.02039061114192009,-0.004780177026987076
727,-0.10102394223213196,-0.07347902655601501
728,-0.10268227010965347,-0.015601709485054016
729,0.12031148374080658,-0.004079811275005341
730,-0.06875118613243103,-0.12399211525917053
731,-0.001265210099518299,-0.21633285284042358
732,-0.13064053654670715,-0.034339580684900284
733,-0.0732274055480957,-0.21821263432502747
734,-0.02058192901313305,-0.09175215661525726
735,-0.012781770899891853,0.03015197068452835
736,-0.1699180155992508,0.0751371830701828
737,-0.10247579216957092,-0.07547131925821304
738,-0.025793571025133133,0.022668510675430298
739,0.25167492032051086,-0.12784609198570251
740,0.11508511006832123,0.07574926316738129
741,0.18989023566246033,-0.0036491192877292633
742,-0.008255100809037685,-0.03356238454580307
743,-0.006150903180241585,-0.1764126420021057
744,-0.04805121570825577,-0.19589626789093018
745,-0.10401459038257599,-0.012117918580770493
746,-0.10737767070531845,-0.15888848900794983
747,0.0516829714179039,0.05654573440551758
748,0.129079207777977,-0.20100414752960205
749,-0.22005192935466766,0.02054138481616974
750,0.004610956646502018,-0.08172787725925446
751,0.04868598282337189,-0.1873762309551239
752,-0.03352639824151993,0.006810776889324188
753,0.11762124300003052,0.017267532646656036
754,-0.14591670036315918,-0.2582916021347046
755,-0.170241117477417,0.03682728856801987
756,-0.07653692364692688,0.10123176872730255
757,-0.1251240074634552,-0.02959059178829193
758,0.09882447868585587,0.10662183910608292
759,-0.08396684378385544,-0.1924763023853302
760,-0.1318601369857788,0.10630426555871964
761,-0.034316737204790115,0.09862779825925827
762,0.06138087436556816,-0.1558125913143158
763,-0.15585094690322876,-0.06780003011226654
764,-0.0945703461766243,0.10821495205163956
765,-0.14475122094154358,-0.0751679390668869
766,0.03062809631228447,-0.12122315168380737
767,-0.09850702434778214,0.045189253985881805
768,-0.052777595818042755,-0.14487417042255402
769,0.09810961782932281,-0.09426470100879669
770,0.10589238256216049,-0.1938415765762329
771,-0.0651959478855133,-0.1363614946603775
772,0.08529593050479889,0.006430916488170624
773,0.06926950812339783,-0.052871182560920715
774,0.10501608997583389,0.07117811590433121
775,-0.024556279182434082,0.02426918037235737
776,-0.11724456399679184,-0.26303496956825256
777,-0.1403777301311493,-0.26871779561042786
778,-0.06971947103738785,-0.07465074956417084
779,0.010177124291658401,-0.17950162291526794
780,-0.04570082947611809,-0.28351831436157227
781,0.07594941556453705,0.2706032395362854
782,-0.01017085462808609,-0.08060768246650696
783,0.10554651916027069,-0.08378788828849792
784,0.2269946187734604,-0.27048996090888977
785,-0.0065203141421079636,0.11458128690719604
786,-0.327279269695282,-0.10823659598827362
787,0.006448790431022644,-0.2421775758266449
788,-0.07993453741073608,-0.12113338708877563
789,0.0950944721698761,0.08471592515707016
790,-0.011936463415622711,-0.128571555018425
791,-0.048576563596725464,-0.07525623589754105
792,0.0505906343460083,-0.33392655849456787
793,0.0734676867723465,0.029310837388038635
794,-0.01960325799882412,-0.11816172301769257
795,0.0806237980723381,-0.045296426862478256
796,-0.046214982867240906,-0.07310597598552704
797,-0.08376763015985489,-0.2763673663139343
798,-0.04247892647981644,-0.10747891664505005
799,-0.04242316633462906,0.05187274515628815
800,0.16664327681064606,-0.09010757505893707
801,0.1808035522699356,-0.22670936584472656
802,-0.08338792622089386,-0.18917225301265717
803,0.11084692925214767,-0.03249441832304001
804,-0.026119649410247803,-0.2728559076786041
805,0.018262242898344994,-0.22929596900939941
806,-0.18342624604701996,-0.06539395451545715
807,0.041549935936927795,-0.20457342267036438
808,-0.015556246042251587,-0.013092976063489914
809,0.005156225524842739,-0.07858400791883469
810,-0.10565251111984253,-0.10797707736492157
811,-0.029101934283971786,-0.17425283789634705
812,0.04028037562966347,-0.07981318235397339
813,-0.13273005187511444,-0.023979395627975464
814,-0.0622418150305748,0.08708683401346207
815,-0.04847603291273117,-0.058682192116975784
816,0.026661613956093788,0.1183505654335022
817,0.012952929362654686,-0.24830985069274902
818,0.07342149317264557,0.08431697636842728
819,-0.09839433431625366,-0.05451666936278343
820,-0.07049620151519775,-0.15835164487361908
821,-0.0887642353773117,-0.021099716424942017
822,0.012522419914603233,-0.17464010417461395
823,0.05937007814645767,-0.21337875723838806
824,0.06021348387002945,-0.03381232172250748
825,0.07066850364208221,-0.05979255214333534
826,-0.07613445818424225,0.025791853666305542
827,-0.06211389601230621,-0.1775301694869995
828,-0.0037207845598459244,-0.13798867166042328
829,-0.10225638002157211,-0.15756890177726746
830,0.11416980624198914,-0.08381624519824982
831,0.00776338204741478,0.061606429517269135
832,-0.08719133585691452,-0.03913792595267296
833,-0.12239459902048111,-0.07257342338562012
834,-0.07601612061262131,-0.16882672905921936
835,-0.023947343230247498,-0.19209447503089905
836,0.04858502000570297,0.04766114056110382
837,0.06720734387636185,-0.06584052741527557
838,0.003944783471524715,-0.14452585577964783
839,-0.11969991028308868,-0.22397732734680176
840,0.023078102618455887,0.002984762191772461
841,0.19788597524166107,0.15920665860176086
842,-0.08185453712940216,0.017917033284902573
843,0.26517799496650696,-0.17821364104747772
844,-0.13622570037841797,-0.015695486217737198
845,0.026454465463757515,0.113347128033638
846,-0.11461695283651352,-0.18257561326026917
847,-0.06902201473712921,-0.11742111295461655
848,-0.07627947628498077,-0.022623296827077866
849,0.10722748190164566,-0.18137505650520325
850,-0.27588334679603577,-0.20188909769058228
851,0.020702384412288666,0.22417208552360535
852,-0.19997750222682953,-0.10434014350175858
853,-0.18352589011192322,-0.08082267642021179
854,0.13540345430374146,0.0002956390380859375
855,-0.2201249748468399,-0.11923016607761383
856,-0.33084484934806824,-0.0681496262550354
857,0.10890604555606842,0.03348708152770996
858,0.0027334741316735744,-0.178604394197464
859,-0.008085668087005615,0.04849828779697418
860,0.013099215924739838,0.11120013892650604
861,0.17704622447490692,0.08193253725767136
862,0.048845164477825165,-0.018562182784080505
863,0.1580832600593567,0.018797773867845535
864,-0.16536568105220795,-0.15978936851024628
865,0.025332853198051453,-0.21800339221954346
866,-0.05961788818240166,-0.11446358263492584
867,-0.3564360737800598,-0.017637047916650772
868,0.11888046562671661,-0.07743183523416519
869,-0.10929281264543533,-0.10710017383098602
870,0.005662509240210056,-0.25909873843193054
871,-0.058635979890823364,-0.16123244166374207
872,-0.09071245789527893,-0.2298770248889923
873,0.10532146692276001,-0.19045738875865936
874,-0.021804336458444595,-0.11790618300437927
875,-0.010628504678606987,-0.1935911476612091
876,-0.1132611632347107,0.1528089940547943
877,-0.09979201853275299,-0.023224137723445892
878,0.0714101791381836,-0.24723905324935913
879,-0.009117897599935532,0.1801602840423584
880,-0.20248031616210938,0.07732319086790085
881,0.06962848454713821,-0.06766031682491302
882,0.11829739809036255,-0.16400021314620972
883,0.11551329493522644,-0.00783585011959076
884,0.0938630998134613,0.04120354726910591
885,0.2346317172050476,-0.1689111590385437
886,0.000607276801019907,-0.07064732164144516
887,-0.03546832129359245,0.09632104635238647
888,0.08372582495212555,-0.053458500653505325
889,0.20199599862098694,-0.04940313473343849
890,0.15397746860980988,-0.16972076892852783
891,-0.0002483278512954712,-0.10528790950775146
892,0.057281624525785446,-0.14824187755584717
893,0.08492942154407501,-0.018085986375808716
894,0.15278318524360657,-0.03843843564391136
895,-0.0621003732085228,0.02537258341908455
896,-0.10371774435043335,0.024718938395380974
897,0.07438629865646362,-0.0843767523765564
898,0.06743546575307846,0.043980538845062256
899,-0.039629798382520676,-0.06253847479820251
900,0.2680271565914154,0.03074990212917328
901,0.24094440042972565,-0.15933723747730255
902,0.11756197363138199,0.021875683218240738
903,-0.07490099966526031,-0.09527996927499771
904,-0.1282074898481369,0.006738781929016113
905,-0.12827767431735992,-0.21094441413879395
906,-0.09620718657970428,-0.11127449572086334
907,-0.004005235619843006,-0.08402957022190094
908,0.02701302245259285,-0.2011737823486328
909,0.025733597576618195,-0.08200015872716904
910,-0.07954009622335434,-0.11134219169616699
911,-0.010083391331136227,0.06612752377986908
912,-0.14176522195339203,-0.07945167273283005
913,-0.043934643268585205,-0.07400622218847275
914,-0.04033781960606575,-0.015034575015306473
915,-0.13244518637657166,-0.12401237338781357
916,0.162835031747818,-0.03083733841776848
917,0.1003766804933548,-0.03871742635965347
918,0.001591527834534645,-0.1456511914730072
919,-0.07486794888973236,-0.21967589855194092
920,0.013796156272292137,0.038111571222543716
921,0.02696584351360798,-0.15635865926742554
922,-0.10003183782100677,-0.05681677162647247
923,-0.1586197316646576,-0.1000012457370758
924,-0.06847261637449265,-0.08239522576332092
925,0.010850584134459496,-0.02648387849330902
926,0.015448890626430511,0.23302549123764038
927,0.002368178218603134,-0.015582151710987091
928,0.035736359655857086,-0.0589415580034256
929,-0.208086296916008,-0.028508536517620087
930,0.0555487722158432,-0.15585151314735413
931,0.014501437544822693,-0.09669940173625946
932,-0.03281634300947189,-0.10328185558319092
933,0.015456967055797577,0.06367722153663635
934,-0.18731123208999634,-0.011049661785364151
935,-0.1983632743358612,0.02467452362179756
936,-0.12367183715105057,-0.034784600138664246
937,0.07962560653686523,-0.26016151905059814
938,-0.09228799492120743,-0.1641659438610077
939,0.08193017542362213,0.01635712757706642
940,0.1573510468006134,0.027547292411327362
941,0.18945136666297913,-0.05958440899848938
942,0.11701072007417679,-0.11964492499828339
943,-0.14031153917312622,-0.13753822445869446
944,-0.08060529828071594,-0.26101574301719666
945,-0.11579877138137817,-0.2665683627128601
946,0.09571057558059692,-0.01746077835559845
947,0.07445227354764938,-0.08168715983629227
948,-0.06804544478654861,-0.027457740157842636
949,0.10282982140779495,-0.09305699169635773
950,0.1428564190864563,-0.07283400744199753
951,0.07335398346185684,0.01903696358203888
952,0.10841873288154602,-0.12789276242256165
953,0.043481405824422836,0.08802090585231781
954,0.2630895972251892,-0.1327451914548874
955,-0.08060522377490997,-0.21739375591278076
956,0.011549923568964005,-0.19908082485198975
957,0.1495683789253235,-0.14749236404895782
958,-0.12336774915456772,0.11207441985607147
959,-0.1511760652065277,-0.2707427144050598
960,-0.06516997516155243,-0.24222131073474884
961,-0.13625450432300568,-0.22569367289543152
962,0.16896697878837585,-0.13798193633556366
963,0.07531951367855072,-0.005540318787097931
964,-0.13911554217338562,0.3022030293941498
965,-0.06679900735616684,0.01031341403722763
966,0.005335692316293716,-0.18860289454460144
967,-0.20607346296310425,-0.10757096111774445
968,-0.030805498361587524,-0.11031690984964371
969,-0.024198131635785103,-0.1083710640668869
970,0.0988626480102539,-0.15099400281906128
971,-0.06677670776844025,-0.07744605094194412
972,0.17437537014484406,-0.20014750957489014
973,-0.021100923418998718,-0.17822961509227753
974,-0.10048295557498932,0.06630450487136841
975,-0.014375299215316772,0.05258701741695404
976,-0.18489010632038116,-0.17478109896183014
977,-0.03939595818519592,-0.07203992456197739
978,-0.04085475951433182,0.029056191444396973
979,-0.17958351969718933,0.03793768212199211
980,0.1904599368572235,-0.1458626687526703
981,-0.1334196925163269,-0.01307768002152443
982,0.14173465967178345,-0.13489744067192078
983,-0.026315338909626007,-0.044928163290023804
984,-0.0013687694445252419,-0.08498118817806244
985,0.25554314255714417,-0.11676297336816788
986,0.14939908683300018,-0.23984269797801971
987,-0.18589302897453308,-0.0172739215195179
988,0.030835259705781937,0.07181736081838608
989,-0.015710942447185516,0.17063692212104797
990,-0.016326364129781723,-0.10614077001810074
991,0.06184867024421692,-0.017059512436389923
992,0.10600022226572037,-0.10775818675756454
993,0.004604283720254898,-0.17299148440361023
994,-0.03807358071208,-0.07298074662685394
995,0.07632975280284882,-0.01201513409614563
996,0.10682104527950287,0.039824776351451874
997,-0.04545145481824875,-0.05114488676190376
998,0.0007422864437103271,-0.1339074671268463
999,-0.17936471104621887,-0.07443388551473618
1000,-0.19072473049163818,0.09495875984430313
1001,0.04561816155910492,-0.21621227264404297
1002,0.052945420145988464,0.052879706025123596
1003,-0.10676173865795135,-0.2085377275943756
1004,-0.03467847779393196,0.0018385648727416992
1005,0.2533179819583893,0.04238392412662506
1006,-0.07050375640392303,-0.021739674732089043
1007,-0.1079254299402237,0.008127585053443909
1008,0.167549729347229,-0.08918245881795883
1009,-0.02637041173875332,-0.09625419229269028
1010,-0.11354630440473557,-0.1746315211057663
1011,-0.08545218408107758,-0.07168722152709961
1012,0.03371873497962952,-0.11686371266841888
1013,0.1444912850856781,0.14872218668460846
1014,-0.08885440975427628,-0.17057636380195618
1015,0.057234011590480804,-0.024547360837459564
1016,-0.11211906373500824,-0.085568368434906
1017,0.03174635395407677,-0.050218306481838226
1018,0.09245681017637253,-0.24527442455291748
1019,-0.08008923381567001,0.02217038720846176
1020,-0.0552595816552639,0.025567883625626564
1021,0.05844074487686157,0.06068059802055359
1022,-0.0139238890260458,-0.18600940704345703
1023,-0.028867024928331375,-0.07278601080179214
1024,0.1828400045633316,-0.14951923489570618
1025,-0.09503334760665894,-0.18514187633991241
1026,-0.17459732294082642,-0.2979588508605957
1027,0.13680043816566467,-0.02282833307981491
1028,0.15608108043670654,-0.1876693069934845
1029,0.029837874695658684,-0.11900469660758972
1030,-0.07063840329647064,-0.0643315538764
1031,-0.009877651929855347,0.09615523368120193
1032,-0.18200533092021942,0.1837010383605957
1033,-0.024264028295874596,-0.3187154233455658
1034,0.07926153391599655,-0.2546297609806061
1035,0.1674099862575531,-0.1591533124446869
1036,-0.16156208515167236,-0.13337789475917816
1037,-0.12304958701133728,-0.24673223495483398
1038,0.14340610802173615,-0.18063180148601532
1039,-0.12449446320533752,-0.006458796560764313
1040,-0.04946425184607506,0.02348273992538452
1041,0.09131167829036713,-0.013732519000768661
1042,-0.014934755861759186,-0.2077762484550476
1043,0.11002129316329956,-0.35939109325408936
1044,0.025919366627931595,-0.2172068953514099
1045,0.11090701818466187,0.09406908601522446
1046,0.055223844945430756,0.05310480296611786
1047,0.01354098692536354,-0.054008882492780685
1048,0.05034935101866722,-0.10299906879663467
1049,-0.004022317007184029,-0.08898457884788513
1050,-0.05341390520334244,-0.03022174909710884
1051,0.01257101260125637,-0.15129022300243378
1052,-0.0003821924328804016,-0.09202686697244644
1053,-0.007533121854066849,-0.27946987748146057
1054,-0.07118784636259079,-0.04392775893211365
1055,0.006889166310429573,-0.04059833660721779
1056,0.08262711018323898,-0.16522589325904846
1057,-0.16734467446804047,-0.15911756455898285
1058,-0.1954408586025238,-0.07218503206968307
1059,-0.016786370426416397,-0.02414381504058838
1060,0.154190793633461,-0.1390215903520584
1061,-0.018109554424881935,0.049932029098272324
1062,-0.14828091859817505,0.007784925401210785
1063,-0.194208025932312,-0.10531475394964218
1064,-0.013428300619125366,-0.04457445442676544
1065,-0.01090402714908123,0.0128050297498703
1066,0.0632191002368927,0.07403328269720078
1067,0.03521088510751724,-0.24562977254390717
1068,-0.16771474480628967,-0.14852654933929443
1069,-0.15334099531173706,-0.02927296608686447
1070,0.0064705852419137955,0.03007195144891739
1071,0.1353466957807541,-0.03536083549261093
1072,0.06982696801424026,-0.0717955082654953
1073,0.0542471744120121,-0.09072893112897873
1074,0.031602777540683746,0.08387191593647003
1075,-0.22697561979293823,-0.0061873821541666985
1076,0.0035887625999748707,-0.006715584546327591
1077,-0.06509244441986084,-4.353374242782593e-05
1078,-0.0651669129729271,0.041494376957416534
1079,0.2909049689769745,-0.25189584493637085
1080,-0.07792685180902481,0.12036368250846863
1081,0.18645644187927246,0.012566905468702316
1082,0.07564064115285873,-0.04151562601327896
1083,0.026328422129154205,-0.009815976023674011
1084,-0.16041511297225952,-0.025589659810066223
1085,0.12292487174272537,-0.11479021608829498
1086,0.1210070326924324,-0.0045971497893333435
1087,-0.005911000072956085,-0.03292236104607582
1088,0.045010391622781754,-0.09736787527799606
1089,0.11247555166482925,-0.11713473498821259
1090,0.07736527174711227,-0.08124421536922455
1091,0.18336054682731628,-0.021289091557264328
1092,-0.05625045299530029,-0.14316493272781372
1093,0.06644107401371002,0.04549480602145195
1094,0.09140060842037201,-0.1709834486246109
1095,0.127304345369339,0.006138164550065994
1096,-0.08836223930120468,0.000879332423210144
1097,-0.0658336728811264,-0.24118953943252563
1098,0.05322369933128357,0.08162525296211243
1099,-0.14645153284072876,0.16248327493667603
1100,0.08055402338504791,-0.1626233160495758
1101,0.08830757439136505,-0.08930909633636475
1102,0.10388156771659851,0.06019344925880432
1103,0.06921158730983734,0.07279112935066223
1104,0.10396584868431091,-0.03011048398911953
1105,0.06932370364665985,-0.35424891114234924
1106,-0.17691095173358917,-0.015819765627384186
1107,0.23279353976249695,-0.1727791726589203
1108,0.02699575200676918,-0.24539589881896973
1109,-0.02880803868174553,0.03033524379134178
1110,0.06271813809871674,-0.12564319372177124
1111,-0.126937597990036,-0.012368179857730865
1112,-0.09194201231002808,-0.19913572072982788
1113,-0.11227214336395264,-0.1730324774980545
1114,0.04927298426628113,-0.1297024041414261
1115,0.12280340492725372,-0.15458771586418152
1116,0.11156092584133148,-0.10663469135761261
1117,-0.0012549050152301788,0.12256687879562378
1118,-0.151343435049057,0.08875656872987747
1119,-0.011029615998268127,-0.1075684130191803
1120,-0.1316637396812439,-0.10204760730266571
1121,0.13585147261619568,0.08535297214984894
1122,-0.05676001310348511,-0.08664312213659286
1123,0.028454288840293884,0.0010609552264213562
1124,-0.04787697270512581,-0.11417084187269211
1125,-0.009243438020348549,-0.1106502041220665
1126,-0.024294566363096237,-0.13544143736362457
1127,0.009458707645535469,0.05132776498794556
1128,0.12767501175403595,-0.1411294788122177
1129,0.20393924415111542,-0.20109182596206665
1130,-0.0008763037621974945,-0.11151520162820816
1131,0.10488703101873398,-0.11341650038957596
1132,0.28944408893585205,-0.12153036892414093
1133,-0.0871482715010643,0.007823877036571503
1134,-0.03590887784957886,0.08645853400230408
1135,-0.08518321812152863,-0.15535986423492432
1136,-0.05257515236735344,-0.013698793947696686
1137,-0.02142099104821682,-0.2163914144039154
1138,-0.18045519292354584,0.09599165618419647
1139,-0.004456903785467148,-0.169246643781662
1140,0.03983174264431,0.02086496725678444
1141,-0.18904995918273926,0.06705266237258911
1142,-0.04291718453168869,-0.11340972036123276
1143,0.03938395902514458,0.0043467506766319275
1144,-0.09694836288690567,-0.03498184680938721
1145,0.09621720761060715,-0.33494532108306885
1146,-0.09682019799947739,-0.04993303120136261
1147,0.20817098021507263,0.21914023160934448
1148,0.19777178764343262,-0.010544128715991974
1149,-0.027925867587327957,-0.03424379974603653
1150,-0.017689267173409462,0.0014333352446556091
1151,-0.20589125156402588,0.20846761763095856
1152,0.10409359633922577,0.036741286516189575
1153,-0.004597414284944534,-0.20871098339557648
1154,-0.05153972655534744,-0.032496415078639984
1155,-0.25479790568351746,-0.0717751681804657
1156,-0.04500716179609299,0.12176991254091263
1157,0.009798906743526459,0.09249959886074066
1158,0.005830440670251846,0.10870065540075302
1159,-0.16996288299560547,-0.04538995772600174
1160,-0.11398036032915115,-0.11020107567310333
1161,-0.06509421765804291,0.00953131727874279
1162,-0.08709926158189774,0.0113762766122818
1163,0.10195021331310272,-0.16646376252174377
1164,-0.03875891864299774,-0.04526121914386749
1165,-0.07259833812713623,-0.02755269594490528
1166,0.04016808420419693,-0.15501651167869568
1167,0.035335563123226166,-0.05610137805342674
1168,-0.048009250313043594,-0.2705025374889374
1169,-0.024533355608582497,-0.058524616062641144
1170,-0.006478798575699329,0.012822523713111877
1171,0.07222375273704529,-0.19361907243728638
1172,-0.12291412800550461,-0.22027698159217834
1173,0.0005717466119676828,0.08180857449769974
1174,-0.12110186368227005,-0.021757066249847412
1175,-0.01708865910768509,0.17301665246486664
1176,-0.16694338619709015,0.06049341708421707
1177,-0.06759009510278702,-0.20382726192474365
1178,0.1788133978843689,-0.13928863406181335
1179,0.050072960555553436,0.009812720119953156
1180,-0.016437089070677757,-0.04599476233124733
1181,-0.05693288892507553,-0.017390908673405647
1182,-0.16365234553813934,-0.0595482736825943
1183,0.056479182094335556,0.0077512264251708984
1184,0.06690379977226257,-0.12347505986690521
1185,-0.10170190781354904,-0.025474607944488525
1186,0.17496366798877716,0.0730513259768486
1187,0.1283131241798401,-0.0005106572061777115
1188,-0.0450541190803051,0.05745429918169975
1189,0.060523662716150284,-0.057448022067546844
1190,-0.12894420325756073,-0.09186985343694687
1191,0.1226821020245552,-0.10383006930351257
1192,0.10449010878801346,-0.0803140252828598
1193,-0.27002400159835815,0.008320827037096024
1194,-0.12286265939474106,-0.14421890676021576
1195,-0.027867168188095093,-0.14861921966075897
1196,-0.35326457023620605,-0.07774477452039719
1197,0.06656146049499512,0.002712578047066927
1198,0.031508155167102814,-0.12786096334457397
1199,0.09044106304645538,-0.0907793790102005
1200,0.06407777965068817,-0.0184670127928257
1201,-0.04196231812238693,-0.15141287446022034
1202,-0.002407509833574295,0.09368699789047241
1203,0.014539500698447227,-0.16169890761375427
1204,0.047307293862104416,-0.21813315153121948
1205,-0.08034300804138184,0.06905564665794373
1206,-0.10986537486314774,-0.006116680800914764
1207,0.10522300750017166,-0.08421805500984192
1208,0.15375082194805145,-0.1703101098537445
1209,-0.22994858026504517,0.08422662317752838
1210,0.15549050271511078,-0.03308900445699692
1211,0.11485378444194794,-0.13513930141925812
1212,0.02495122328400612,-0.012498188763856888
1213,0.03005315735936165,0.052761927247047424
1214,-0.029627952724695206,-0.09645140171051025
1215,0.03380404785275459,-0.13000744581222534
1216,0.05367383360862732,0.06346045434474945
1217,-0.06509774923324585,-0.24956446886062622
1218,0.06823985278606415,-0.20071958005428314
1219,0.22071513533592224,-0.31270143389701843
1220,0.1926528513431549,-0.1988203376531601
1221,0.3480037450790405,0.14164622128009796
1222,0.33651918172836304,-0.1196337640285492
1223,-0.04505223035812378,-0.1960436999797821
1224,-0.0603061318397522,-0.003658384084701538
1225,-0.0006363335996866226,-0.1284257024526596
1226,-0.11367928981781006,-0.10766953229904175
1227,-0.10929130017757416,0.07368246465921402
1228,0.2182515561580658,-0.09994767606258392
1229,0.09892654418945312,0.0735713541507721
1230,0.0015276717022061348,0.027846507728099823
1231,-0.0744071677327156,-0.17573395371437073
1232,0.23957645893096924,-0.2930867075920105
1233,-0.033614691346883774,-0.1424236297607422
1234,0.1526237279176712,0.011971114203333855
1235,0.07092976570129395,-0.13452279567718506
1236,-0.09848121553659439,-0.0899050384759903
1237,0.04567145183682442,-0.14344796538352966
1238,-0.06150732934474945,-0.07112905383110046
1239,-0.1771576702594757,-0.12910997867584229
1240,-0.08709662407636642,-0.19912958145141602
1241,-0.1965017020702362,-0.15429015457630157
1242,-0.050463784486055374,-0.11389313638210297
1243,-0.1498490273952484,-0.00039251893758773804
1244,-0.0681920051574707,-0.010138612240552902
1245,-0.09750949591398239,-0.1672646403312683
1246,0.10295411199331284,-0.121476911008358
1247,0.08080849051475525,0.1351010501384735
1248,0.06935878843069077,0.013191064819693565
1249,0.053373612463474274,0.011065520346164703
1250,0.12520499527454376,-0.2766873836517334
1251,-0.07627180218696594,-0.1464521735906601
1252,0.09232747554779053,-0.23648525774478912
1253,-0.04537668079137802,0.010620355606079102
1254,-0.0614267997443676,-0.113078773021698
1255,-0.09982956945896149,-0.022831525653600693
1256,0.00567290373146534,-0.33186572790145874
1257,-0.08378469198942184,-0.04687315225601196
1258,0.10805872082710266,-0.11493939161300659
1259,0.03513205051422119,0.05695922672748566
1260,0.2594112157821655,-0.05491439625620842
1261,-0.11956752836704254,-0.11158247292041779
1262,0.1409984976053238,-0.10535649955272675
1263,0.10676974803209305,-0.11993929743766785
1264,0.02409311756491661,-0.1315937042236328
1265,0.07067979127168655,-0.1156848594546318
1266,-0.12437368929386139,0.035068579018116
1267,-0.13415485620498657,-0.05393858999013901
1268,-0.2139856517314911,-0.08948226273059845
1269,0.12381459772586823,-0.0033778026700019836
1270,0.02904597297310829,0.014064256101846695
1271,0.09506644308567047,-0.0559789314866066
1272,-0.025510549545288086,-0.11365224421024323
1273,0.1710014045238495,-0.11517024040222168
1274,0.047876302152872086,-0.11737439036369324
1275,-0.02142840065062046,-0.14510315656661987
1276,-0.1210695132613182,-0.13346482813358307
1277,-0.03388853743672371,-0.2221790850162506
1278,-0.13234756886959076,-0.03140721842646599
1279,0.03759560361504555,-0.1391126960515976
1280,-0.062155310064554214,-0.2689742147922516
1281,0.009712103754281998,0.06677083671092987
1282,-0.1561851054430008,-0.04558759927749634
1283,-0.051490239799022675,-0.14628513157367706
1284,-0.40853607654571533,0.2197258472442627
1285,-0.17436769604682922,0.16115045547485352
1286,0.14990194141864777,-0.04589897394180298
1287,-0.0401671901345253,-0.06469792127609253
1288,0.10997553169727325,-0.1489301174879074
1289,-0.1454506665468216,-0.08930421620607376
1290,-0.09286216646432877,-0.16020625829696655
1291,-0.19130918383598328,-0.009004659950733185
1292,-0.1852138638496399,-0.31540656089782715
1293,0.11518610268831253,-0.09652157127857208
1294,-0.03211457282304764,0.04246293753385544
1295,0.026127079501748085,0.07176508754491806
1296,-0.05664665997028351,-0.0535888671875
1297,-0.13160982728004456,0.06416629999876022
1298,-0.28254806995391846,-0.09424201399087906
1299,-0.16196037828922272,0.10323572158813477
1300,-0.10555039346218109,0.006579689681529999
1301,-0.17500194907188416,0.08361127972602844
1302,-0.032506171613931656,-0.11004945635795593
1303,0.14099058508872986,-0.04312048852443695
1304,0.15297655761241913,-0.02631973847746849
1305,0.031237006187438965,0.1308940201997757
1306,0.10576672106981277,-0.1848122775554657
1307,-0.055890489369630814,-0.09875009953975677
1308,0.033112648874521255,-0.16326557099819183
1309,-0.0902247354388237,-0.2584730386734009
1310,-0.2682873010635376,0.05870703235268593
1311,-0.2782643437385559,-0.08774200081825256
1312,0.05299974977970123,-0.10837894678115845
1313,-0.08206682652235031,-0.06123565882444382
1314,0.052013956010341644,0.06437726318836212
1315,-0.04021139815449715,-0.2118971347808838
1316,-0.04563070088624954,-0.160750612616539
1317,-0.19454866647720337,-0.14066241681575775
1318,-0.025087330490350723,0.14590397477149963
1319,-0.10228097438812256,-0.047075316309928894
1320,-0.27137887477874756,0.10260377079248428
1321,0.12650835514068604,-0.15707305073738098
1322,0.02148636057972908,0.051060162484645844
1323,0.12807141244411469,-0.025141669437289238
1324,0.24443212151527405,-0.179255872964859
1325,0.03309052437543869,-0.11026125401258469
1326,0.01756628230214119,-0.16173377633094788
1327,-0.11681318283081055,0.027689285576343536
1328,-0.010696127079427242,0.07162835448980331
1329,0.029507212340831757,-0.09123655408620834
1330,-0.007885957136750221,0.05571875721216202
1331,-0.018030941486358643,-0.07727207243442535
1332,0.3747124671936035,-0.0494275763630867
1333,0.07848551124334335,0.09603294730186462
1334,-0.1154022365808487,-0.06154065951704979
1335,0.033516526222229004,-0.21286456286907196
1336,-0.021718492731451988,0.027269646525382996
1337,0.06755582988262177,-0.2885667681694031
1338,-0.06379195302724838,-0.039607591927051544
1339,-0.1348179578781128,0.09827391058206558
1340,-0.14545993506908417,0.06885993480682373
1341,0.05552612617611885,0.018171489238739014
1342,0.26034611463546753,-0.117342010140419
1343,0.043163418769836426,-0.12900733947753906
1344,-0.12647008895874023,0.03692612797021866
1345,0.1586722582578659,0.042653560638427734
1346,-0.0004769805818796158,-0.15145988762378693
1347,0.2564595341682434,-0.12520360946655273
1348,-0.03533915430307388,0.03447806090116501
1349,0.15277594327926636,0.01704654097557068
1350,0.10448797047138214,-0.19263723492622375
1351,0.04708028584718704,-0.23291966319084167
1352,-0.3271412253379822,-0.20360621809959412
1353,0.2614539861679077,-0.10836771130561829
1354,-0.2926018238067627,-0.0402001328766346
1355,-0.1335812211036682,-0.2022130787372589
1356,0.15328824520111084,-0.005278073251247406
1357,-0.06458747386932373,0.008426651358604431
1358,-0.0614868700504303,-0.1998853087425232
1359,-0.2114754319190979,-0.09564365446567535
1360,0.22740909457206726,-0.14689530432224274
1361,0.16862615942955017,0.021483415737748146
1362,-0.1621260643005371,0.028024151921272278
1363,0.06062785163521767,-0.0805557370185852
1364,-0.033729955554008484,0.0015687840059399605
1365,-0.11026859283447266,-0.27505436539649963
1366,-0.0937911719083786,0.02373313345015049
1367,0.036947108805179596,0.013034850358963013
1368,-0.1183546781539917,-0.09515766054391861
1369,-0.07202793657779694,-0.1803104430437088
1370,0.061448708176612854,-0.08952292054891586
1371,-0.13079316914081573,-0.13061124086380005
1372,-0.03159250691533089,-0.18603597581386566
1373,0.05818350613117218,-0.13484510779380798
1374,0.04229736328125,-0.09998028725385666
1375,-0.019647639244794846,-0.08784742653369904
1376,-0.2520744800567627,-0.019328832626342773
1377,-0.11270001530647278,-0.21411901712417603
1378,-0.17626678943634033,-0.0461399145424366
1379,-0.14833784103393555,0.1033959686756134
1380,-0.17231181263923645,-0.1261739283800125
1381,0.0374806672334671,-0.12793178856372833
1382,0.170537531375885,-0.07932769507169724
1383,-0.1448182612657547,-0.12130497395992279
1384,0.1307423859834671,-0.2519347071647644
1385,-0.027691595256328583,-0.05689447000622749
1386,-0.16623368859291077,-0.10568705201148987
1387,-0.11373761296272278,-0.170179545879364
1388,0.17138072848320007,0.062171757221221924
1389,-0.09845833480358124,-0.07426894456148148
1390,0.0438765250146389,0.08201013505458832
1391,-0.15031903982162476,-0.1454920470714569
1392,-0.0864432230591774,0.10135647654533386
1393,-0.021512005478143692,0.024614766240119934
1394,-0.03254280239343643,-0.24107825756072998
1395,0.0008951574563980103,-0.11981511861085892
1396,-0.14816264808177948,0.0637103021144867
1397,0.13410410284996033,-0.15145021677017212
1398,-0.10799457877874374,-0.008651869371533394
1399,0.02159501612186432,0.01603863388299942
1400,-0.08850638568401337,-0.0969371646642685
1401,-0.08460140973329544,-0.0600433275103569
1402,-0.06910788267850876,-0.08370952308177948
1403,-0.016505584120750427,-0.12510214745998383
1404,-0.17182110249996185,0.17629092931747437
1405,0.020999900996685028,0.025008387863636017
1406,0.04151264950633049,0.15060678124427795
1407,-0.014229092746973038,0.04283346235752106
1408,-0.06493949145078659,-0.09325602650642395
1409,-0.15059593319892883,0.06114603951573372
1410,-0.03659426048398018,-0.02500809356570244
1411,-0.10412462055683136,-0.07155797630548477
1412,0.05092985928058624,0.02794639766216278
1413,0.010351590812206268,0.016667760908603668
1414,0.12631180882453918,0.016894524917006493
1415,0.00087013840675354,-0.02365069091320038
1416,0.3335515558719635,-0.05419832095503807
1417,-0.004017572849988937,-0.07350049912929535
1418,0.06670980900526047,-0.17411395907402039
1419,0.055615492165088654,-0.16631248593330383
1420,-0.0006223412929102778,-0.0673239678144455
1421,-0.03319041430950165,-0.12928113341331482
1422,0.039271119982004166,-0.10072104632854462
1423,0.12594009935855865,-0.08824281394481659
1424,-0.13700446486473083,0.0892963781952858
1425,-0.1978280395269394,-0.21547189354896545
1426,0.028408797457814217,-0.19809551537036896
1427,-0.25151947140693665,-0.11131423711776733
1428,-0.2413097620010376,0.04431654512882233
1429,-0.047470830380916595,-0.03280669450759888
1430,0.008528187870979309,-0.10883362591266632
1431,0.2787230312824249,-0.2129988670349121
1432,-0.0008370578289031982,0.1745949387550354
1433,0.18323615193367004,0.030429720878601074
1434,0.15359258651733398,-0.15116208791732788
1435,-0.0653618723154068,-0.18944436311721802
1436,-0.001964927650988102,-0.08015003800392151
1437,-0.003949442878365517,0.04629939794540405
1438,-0.14898589253425598,-0.0876535102725029
1439,-0.04466933757066727,0.08965186774730682
1440,-0.19656769931316376,-0.006988052278757095
1441,-0.07086742669343948,-0.1751839518547058
1442,0.051496583968400955,-0.2542010545730591
1443,-0.4165016710758209,-0.12741827964782715
1444,0.04741593077778816,-0.13588638603687286
1445,0.019941315054893494,-0.07726140320301056
1446,0.12597447633743286,-0.05994921550154686
1447,-0.1198480874300003,0.02553616464138031
1448,-0.023795723915100098,-0.06712916493415833
1449,0.02481020614504814,0.04300874471664429
1450,-0.01801963523030281,-0.18166570365428925
1451,0.21963053941726685,-0.009663745760917664
1452,-0.05213061720132828,-0.11928607523441315
1453,0.11711952090263367,0.035694193094968796
1454,0.1699998676776886,-0.08413904905319214
1455,0.1334904581308365,0.02200503647327423
1456,0.0393565371632576,-0.15804320573806763
1457,-0.2565416693687439,-0.11908456683158875
1458,0.19158387184143066,-0.21226707100868225
1459,-0.27708515524864197,-0.27807939052581787
1460,0.0451999269425869,-0.08397186547517776
1461,-0.036674946546554565,0.01253034919500351
1462,-0.02790053002536297,-0.10613171756267548
1463,0.18465924263000488,-0.03194041922688484
1464,0.058588556945323944,-0.12331949174404144
1465,0.06250433623790741,-0.09224607050418854
1466,0.09730885177850723,0.0001538693904876709
1467,-0.11107444763183594,-0.0939265713095665
1468,0.026039954274892807,-0.0374530553817749
1469,0.062326569110155106,-0.04550982639193535
1470,-0.08835706114768982,-0.17560969293117523
1471,-0.18251582980155945,-0.2956322133541107
1472,0.009265418164432049,0.09448198974132538
1473,-0.19267043471336365,-0.024613093584775925
1474,0.2074914425611496,0.06673533469438553
1475,-0.15366709232330322,0.07258334755897522
1476,0.04476572573184967,-0.10454092919826508
1477,-0.13823860883712769,0.013475894927978516
1478,0.2681776285171509,-0.0690196305513382
1479,-0.10427121073007584,0.044783540070056915
1480,-0.025355949997901917,-0.04181236773729324
1481,-0.17094016075134277,-0.14476679265499115
1482,-0.0863460898399353,0.05699661001563072
1483,-0.0065404921770095825,-0.2231353223323822
1484,-0.097080759704113,-0.07663509249687195
1485,-0.19339579343795776,-0.050242871046066284
1486,0.17794746160507202,-0.20267416536808014
1487,0.10584751516580582,-0.06250416487455368
1488,-0.04655342549085617,-0.041094496846199036
1489,0.09362537413835526,-0.09443704783916473
1490,0.16207469999790192,0.06497059017419815
1491,0.009965330362319946,-0.05166129395365715
1492,-0.15808433294296265,-0.002843797206878662
1493,0.19689002633094788,-0.12307675182819366
1494,0.04768567159771919,0.22341783344745636
1495,-0.08179131150245667,-0.23323467373847961
1496,-0.19750170409679413,-0.127670556306839
1497,-0.13798001408576965,-0.23319993913173676
1498,-0.1922428011894226,-0.06399870663881302
1499,0.14321880042552948,-0.0615353137254715
1500,-0.1428966522216797,-0.04070013388991356
1501,0.023148342967033386,-0.07221832126379013
1502,-0.07720555365085602,-0.24113038182258606
1503,0.053904034197330475,0.055217523127794266
1504,-0.12047752737998962,0.16243688762187958
1505,0.0022623613476753235,-0.23668718338012695
1506,0.11076737940311432,0.028428813442587852
1507,0.0686984658241272,-0.4141905903816223
1508,-0.17117363214492798,-0.12758302688598633
1509,-0.19129501283168793,-0.15867814421653748
1510,-0.16540390253067017,0.07586298137903214
1511,-0.1365831196308136,-0.059054888784885406
1512,-0.10713592171669006,-0.08232906460762024
1513,-0.19638216495513916,-0.1130136251449585
1514,-0.1469164490699768,0.04944296553730965
1515,-0.18190300464630127,-0.06512726843357086
1516,-0.23763713240623474,0.1319151520729065
1517,-0.1532336175441742,-0.08932006359100342
1518,0.0545181930065155,0.013353198766708374
1519,0.019535301253199577,0.05728219822049141
1520,-0.053243137896060944,0.10829228162765503
1521,-0.12628668546676636,-0.04804970324039459
1522,-0.08488009870052338,0.04896875098347664
1523,-0.20271657407283783,-0.0141511932015419
1524,-0.04454287886619568,-0.047897011041641235
1525,-0.1138872504234314,-0.18267101049423218
1526,0.04351536184549332,-0.0429309643805027
1527,-0.16188938915729523,0.0716814175248146
1528,-0.11262073367834091,-0.16974465548992157
1529,0.1478351354598999,-0.05971016734838486
1530,-0.08003221452236176,0.1830996423959732
1531,0.12870818376541138,-0.1275554746389389
1532,0.013863533735275269,-0.15219931304454803
1533,0.10104838758707047,-0.02797497808933258
1534,0.14137090742588043,-0.3662768602371216
1535,-0.05116339400410652,-0.20382526516914368
1536,0.10803017020225525,-0.10608499497175217
1537,-0.13501417636871338,0.07181625068187714
1538,-0.3239925503730774,-0.03806047886610031
1539,0.10604725778102875,-0.10601698607206345
1540,-0.07986888289451599,-0.23587104678153992
1541,0.46423035860061646,-0.015109746716916561
1542,0.08365525305271149,-0.183312326669693
1543,-0.27219733595848083,-0.13820531964302063
1544,-0.16968190670013428,-0.058961641043424606
1545,-0.20107845962047577,0.014426525682210922
1546,0.09323885291814804,-0.042749907821416855
1547,-0.05974328890442848,-0.0840645283460617
1548,0.2566095292568207,-0.22105374932289124
1549,-0.0454106479883194,-0.1262192577123642
1550,-0.012624509632587433,0.009150918573141098
1551,-0.06861428916454315,-0.13335900008678436
1552,-0.24032171070575714,-0.13951465487480164
1553,-0.14084261655807495,-0.15438634157180786
1554,0.041006479412317276,0.07996775954961777
1555,-0.13038603961467743,0.21057242155075073
1556,0.17964595556259155,0.03795183449983597
1557,0.029387831687927246,-0.3553008735179901
1558,-0.14419707655906677,-0.14807483553886414
1559,-0.18146450817584991,0.17588087916374207
1560,0.05357663333415985,-0.11381065100431442
1561,-0.06938402354717255,-0.16809186339378357
1562,-0.024957969784736633,-0.0023544970899820328
1563,0.07757426053285599,-0.08698329329490662
1564,-0.19857792556285858,-0.17811623215675354
1565,-0.1710367351770401,-0.07455375790596008
1566,-0.12504635751247406,0.013973914086818695
1567,-0.029922112822532654,-0.17266932129859924
1568,0.06099049001932144,0.024868138134479523
1569,0.032971955835819244,0.09987233579158783
1570,0.18516789376735687,-0.17891082167625427
1571,0.15035788714885712,-0.08622924983501434
1572,-0.17244650423526764,-0.1728549599647522
1573,-0.13944539427757263,0.045461758971214294
1574,-0.11338845640420914,-0.13406126201152802
1575,0.30554676055908203,-0.2307983636856079
1576,0.13831409811973572,0.019764676690101624
1577,-0.020507946610450745,0.18413543701171875
1578,-0.011772260069847107,-0.1469457745552063
1579,-0.05795103311538696,0.021406859159469604
1580,0.003677528351545334,0.0029643885791301727
1581,-0.03169937804341316,-0.01959223859012127
1582,-0.06054077297449112,0.06353439390659332
1583,-0.06670993566513062,0.13386574387550354
1584,-0.14109297096729279,0.06558580696582794
1585,0.1917925924062729,0.14807653427124023
1586,-0.046965330839157104,0.009802024811506271
1587,0.20143789052963257,0.04692161828279495
1588,0.07440592348575592,0.24270793795585632
1589,0.03679841756820679,0.15784335136413574
1590,-0.3775142431259155,0.027753956615924835
1591,-0.11212275177240372,-0.02103261649608612
1592,0.038762178272008896,-0.05996844172477722
1593,0.02850734442472458,-0.09749619662761688
1594,0.12882296741008759,0.06366351246833801
1595,-0.29877105355262756,-0.039684634655714035
1596,0.15693263709545135,-0.06721753627061844
1597,-0.28274083137512207,-0.062349993735551834
1598,-0.2948794364929199,-0.04263333976268768
1599,-0.06865459680557251,-0.014028355479240417
1600,0.1761063039302826,-0.09906605631113052
1601,-0.10968269407749176,0.19948707520961761
1602,-0.021631550043821335,0.02231515944004059
1603,-0.044089365750551224,0.0744536742568016
1604,-0.06663757562637329,0.07389527559280396
1605,-0.30113881826400757,0.11108342558145523
1606,-0.16952185332775116,-0.13345417380332947
1607,-0.1632620394229889,-0.11968709528446198
1608,0.021952077746391296,-0.036139488220214844
1609,-0.1422763168811798,-0.0849890187382698
1610,0.04989369213581085,-0.1464206427335739
1611,-0.28640371561050415,-0.038975879549980164
1612,-0.1756318360567093,0.02764130011200905
1613,0.1360858678817749,-0.14121580123901367
1614,0.07170389592647552,-0.14326472580432892
1615,-0.150234654545784,0.08591171354055405
1616,0.15752246975898743,-0.1069900318980217
1617,-0.10508053004741669,0.06481410562992096
1618,-0.1022387444972992,-0.2504411041736603
1619,0.17965424060821533,0.16861644387245178
1620,0.04893726110458374,-0.4233758747577667
1621,-0.19190838932991028,-0.1314593106508255
1622,-0.012603511102497578,-0.020803939551115036
1623,-0.023114971816539764,-0.017594367265701294
1624,-0.48897886276245117,0.009921811521053314
1625,0.07610403001308441,-0.20534294843673706
1626,-0.20507465302944183,-0.1273752897977829
1627,0.07333685457706451,0.0035217460244894028
1628,-0.016121316701173782,-0.10531154274940491
1629,-0.14140206575393677,-0.30481237173080444
1630,0.008494272828102112,-0.048562053591012955
1631,0.18669144809246063,0.0767805278301239
1632,0.18009814620018005,-0.17105735838413239
1633,0.02621786668896675,0.12433042377233505
1634,-0.09363967180252075,-0.17555254697799683
1635,0.11892858892679214,-0.08993934094905853
1636,-0.3032853901386261,-0.16870036721229553
1637,0.007473950274288654,-0.06256288290023804
1638,-0.1637142151594162,0.154971644282341
1639,-0.13041278719902039,0.08877690136432648
1640,0.07554778456687927,-0.11382436007261276
1641,0.11487371474504471,-0.1700284481048584
1642,-0.008845992386341095,-0.09902938455343246
1643,0.1495550125837326,-0.13058753311634064
1644,-0.11141857504844666,-0.19259455800056458
1645,0.021805539727211,-0.189655601978302
1646,0.020872514694929123,-0.13815638422966003
1647,0.07946328818798065,0.05570109933614731
1648,0.1648038774728775,-0.0554128959774971
1649,-0.09126430004835129,-0.1349196434020996
1650,-0.053562991321086884,-0.14111368358135223
1651,0.027090497314929962,-0.11451742053031921
1652,0.20944854617118835,-0.29233455657958984
1653,0.07821281254291534,0.06032061576843262
1654,0.004622049629688263,-0.14594241976737976
1655,-0.17066001892089844,-0.2325190305709839
1656,0.2808443605899811,0.08660127222537994
1657,-0.1094481348991394,-0.0032206065952777863
1658,-0.16272388398647308,0.09532853215932846
1659,-0.021972432732582092,-0.004817791283130646
1660,0.08717849850654602,0.08897818624973297
1661,-0.04379449784755707,-0.016295820474624634
1662,-0.017738038673996925,-0.08069004863500595
1663,-0.1901467889547348,-0.19134512543678284
1664,-0.12261360883712769,0.04556897282600403
1665,0.2339763641357422,-0.004733216017484665
1666,0.15738865733146667,-0.13683535158634186
1667,-0.053696904331445694,-0.020002763718366623
1668,0.08042226731777191,-0.07507909834384918
1669,0.5977391004562378,-0.12188184261322021
1670,-0.15030395984649658,-0.08919843286275864
1671,0.01718544214963913,0.14638477563858032
1672,0.24224284291267395,0.317654013633728
1673,0.06050007790327072,-0.20300725102424622
1674,-0.03388972580432892,0.09030795842409134
1675,0.009391993284225464,-0.1848333775997162
1676,-0.2820013165473938,-0.09576602280139923
1677,-0.12616422772407532,-0.1524890661239624
1678,0.34915488958358765,0.06094739958643913
1679,0.026830404996871948,-0.08522576838731766
1680,0.1312381774187088,0.16085810959339142
1681,-0.1654900163412094,-0.10323343425989151
1682,-0.1315583884716034,-0.027427706867456436
1683,-0.04366835951805115,0.04369541257619858
1684,-0.07804623991250992,-0.19890084862709045
1685,0.006406884640455246,-0.1304924041032791
1686,0.015692494809627533,-0.04020869359374046
1687,0.16472744941711426,-0.23449158668518066
1688,0.057540684938430786,-0.13745485246181488
1689,0.10055321455001831,0.005358912982046604
1690,0.11188866198062897,-0.014630421064794064
1691,0.08558546751737595,0.0362967848777771
1692,-0.07352825999259949,0.05003124848008156
1693,-0.14043831825256348,0.19471475481987
1694,-0.2005966752767563,-0.052860356867313385
1695,-0.05341850221157074,-0.04873843118548393
1696,-0.10391120612621307,0.10289965569972992
1697,0.01894623041152954,-0.10633333772420883
1698,-0.004436604678630829,0.12040792405605316
1699,0.04247982054948807,0.07984214276075363
1700,0.023734066635370255,-0.15300826728343964
1701,-0.07161600142717361,-6.780028343200684e-05
1702,-0.16348432004451752,0.11644909530878067
1703,0.1390039622783661,-0.2263258695602417
1704,-0.023992903530597687,-0.00862811878323555
1705,0.009112505242228508,-0.1237676739692688
1706,-0.02895837277173996,0.028836021199822426
1707,-0.08612721413373947,0.06810987740755081
1708,-0.16820651292800903,0.048902519047260284
1709,-0.09591562300920486,-0.07437486201524734
1710,-0.14684131741523743,-0.017575040459632874
1711,0.022319629788398743,-0.04782525822520256
1712,0.30068105459213257,-0.2303508222103119
1713,0.009409308433532715,-0.3452090620994568
1714,-0.016882583498954773,0.11529700458049774
1715,0.21032115817070007,0.11628790199756622
1716,-0.07897278666496277,-0.07714108377695084
1717,-0.04700670391321182,0.011290045455098152
1718,-0.26638248562812805,0.025662891566753387
1719,0.04458063840866089,0.1372780203819275
1720,0.08919981867074966,0.14851687848567963
1721,0.0025226566940546036,0.26058295369148254
1722,0.16517607867717743,0.25452181696891785
1723,-0.10024222731590271,-0.17517074942588806
1724,0.0323343388736248,-0.18102750182151794
1725,0.15258002281188965,-0.015125542879104614
1726,0.017845114693045616,-0.03307582437992096
1727,-0.08956405520439148,0.3425428569316864
1728,0.04076200723648071,0.11734931170940399
1729,-0.11951923370361328,0.17975342273712158
1730,-0.21416422724723816,0.07027830928564072
1731,-0.18511426448822021,-0.1423039436340332
1732,0.10955832153558731,0.04337194561958313
1733,0.005152534693479538,0.005853917449712753
1734,0.06922191381454468,-0.22012168169021606
1735,0.009386315941810608,-0.14489394426345825
1736,0.08800328522920609,0.09052321314811707
1737,0.07318207621574402,-0.2679845094680786
1738,-0.05616757646203041,-0.03604469075798988
1739,0.03572065383195877,-0.1127157211303711
1740,-0.2614540159702301,-0.07691142708063126
1741,-0.29451847076416016,-0.17597700655460358
1742,-0.05367168039083481,0.030269548296928406
1743,0.08840958029031754,0.1529821902513504
1744,0.12904474139213562,0.07767406105995178
1745,-0.1282781958580017,0.14472150802612305
1746,0.009075187146663666,-0.04270077124238014
1747,-0.2224421501159668,-0.16677425801753998
1748,-0.06944329291582108,-0.18494130671024323
1749,0.058567967265844345,-0.04616563767194748
1750,0.08337470889091492,-0.19662632048130035
1751,0.07160171866416931,-0.24265751242637634
1752,-0.11849972605705261,0.05369009077548981
1753,-0.06614302098751068,-0.1383088082075119
1754,0.1319940686225891,-0.23645581305027008
1755,-0.10929611325263977,-0.17448513209819794
1756,-0.0506800152361393,0.34095871448516846
1757,-0.08804338425397873,0.21934646368026733
1758,-0.05731606483459473,-0.07330246269702911
1759,-0.10282450914382935,0.05365028977394104
1760,0.41039764881134033,0.004226861521601677
1761,0.058053866028785706,0.04480263590812683
1762,-0.1475345492362976,0.04691750183701515
1763,0.005909264087677002,-0.029412891715765
1764,0.05496198311448097,-0.12490701675415039
1765,0.09669314324855804,0.21778932213783264
1766,0.1255824714899063,-0.23387779295444489
1767,-0.14605453610420227,-0.06994923949241638
1768,-0.010399003513157368,-0.2885584831237793
1769,-0.18807049095630646,0.1299392431974411
1770,0.17192699015140533,0.08857003599405289
1771,0.13993223011493683,-0.2582133114337921
1772,0.24774059653282166,0.07923378050327301
1773,-0.19789284467697144,0.1842329204082489
1774,-0.06269866228103638,-0.16031913459300995
1775,0.039488404989242554,-0.08508974313735962
1776,-0.012576669454574585,-0.062129080295562744
1777,0.21710000932216644,-0.173089861869812
1778,0.11288347840309143,-0.03894718736410141
1779,0.060921717435121536,-0.14803659915924072
1780,-0.009497635066509247,-0.08266112953424454
1781,-0.018206313252449036,0.046303097158670425
1782,-0.23274612426757812,-0.008113633841276169
1783,-0.03303910791873932,-0.1678255796432495
1784,-0.08575482666492462,-0.0459604412317276
1785,0.04879118874669075,-0.2138327956199646
1786,0.04241400957107544,-0.03437172621488571
1787,0.05774608254432678,0.0867881327867508
1788,-0.24671295285224915,-0.1176023930311203
1789,-0.04350405931472778,0.09606987237930298
1790,-0.2113805115222931,-0.14121386408805847
1791,0.026762284338474274,-0.11337486654520035
1792,0.10535036027431488,-0.11451677978038788
1793,-0.255784273147583,-0.19242660701274872
1794,-0.10065823793411255,-0.03583311289548874
1795,-0.23502188920974731,-0.16148152947425842
1796,0.10396499931812286,0.026823021471500397
1797,-0.14124605059623718,-0.21102374792099
1798,-0.232449471950531,-0.12379961460828781
1799,-0.04467126354575157,0.09415256977081299
1800,-0.194586381316185,-0.13481928408145905
1801,-0.0518244132399559,0.10601391643285751
1802,0.038840971887111664,-0.12327411770820618
1803,0.00816424936056137,0.06725352257490158
1804,0.15149720013141632,-0.07703239470720291
1805,0.12097474932670593,0.0254209041595459
1806,0.2390066236257553,-0.46576806902885437
1807,-0.3392055034637451,-0.1172102838754654
1808,-0.010066205635666847,0.09809056669473648
1809,-0.06565183401107788,-0.10294939577579498
1810,0.17581817507743835,-0.11387999355792999
1811,-0.12310326844453812,-0.15232373774051666
1812,0.2473488748073578,-0.11695651710033417
1813,-0.13845357298851013,-0.014678845182061195
1814,0.05846124887466431,-0.0027103014290332794
1815,-0.114802785217762,-0.07463131844997406
1816,0.026484675705432892,0.01882154494524002
1817,-0.14686933159828186,0.08282233029603958
1818,-0.15406534075737,-0.11209163814783096
1819,-0.02158331498503685,-0.18780280649662018
1820,0.07873377203941345,-0.20423443615436554
1821,-0.058215320110321045,0.15493367612361908
1822,0.1034412533044815,-0.1610521525144577
1823,-0.1336408257484436,-0.06644868850708008
1824,-0.28970858454704285,-0.03428678587079048
1825,0.1843402087688446,0.005488276481628418
1826,-0.09124580025672913,-0.0960521474480629
1827,0.0599985346198082,0.05524715781211853
1828,-0.19157774746418,0.08317853510379791
1829,-0.07226681709289551,-0.10322371125221252
1830,-0.25855752825737,-0.007987342774868011
1831,-0.14696848392486572,0.1219773143529892
1832,-0.3394581377506256,-0.0630180686712265
1833,-0.14822721481323242,-0.023408830165863037
1834,-0.23233672976493835,0.09525497257709503
1835,-0.0770336240530014,0.18491922318935394
1836,0.28848686814308167,0.2981218099594116
1837,-0.06814941763877869,0.14090144634246826
1838,-0.12138061970472336,0.1596529632806778
1839,0.013184849172830582,-0.3282155990600586
1840,-0.287150502204895,0.10100595653057098
1841,-0.2562633752822876,-0.01923118345439434
1842,-0.22024233639240265,0.1507042944431305
1843,-0.10263575613498688,-0.0681317001581192
1844,-0.44648975133895874,-0.07918143272399902
1845,-0.1205032616853714,-0.10895214974880219
1846,-0.21411338448524475,0.09860467165708542
1847,-0.0754622220993042,-0.03192850947380066
1848,-0.11912885308265686,-0.07998044043779373
1849,-0.03486938029527664,0.022992044687271118
1850,-0.07188613712787628,0.2714086174964905
1851,-0.09339118003845215,0.024277351796627045
1852,-0.18407374620437622,-0.16112637519836426
1853,0.04208198934793472,-0.22374504804611206
1854,0.1960788518190384,-0.1051047071814537
1855,-0.009056732058525085,-0.11625967919826508
1856,0.03670285642147064,-0.06500092893838882
1857,-0.06975346803665161,-0.0019479990005493164
1858,0.05220367759466171,-0.05660226196050644
1859,-0.048496946692466736,0.09585263580083847
1860,-0.1733226776123047,-0.02277776226401329
1861,-0.22655829787254333,0.12384456396102905
1862,0.16060751676559448,-0.5229587554931641
1863,-0.3700019419193268,-0.3053124248981476
1864,-0.1426541954278946,0.2190447747707367
1865,-0.17291416227817535,0.21935102343559265
1866,-0.2151384800672531,-0.1485048532485962
1867,-0.1476825326681137,0.030629824846982956
1868,0.2964469790458679,-0.01437197346240282
1869,0.1644994020462036,-0.14223024249076843
1870,-0.10254809260368347,-0.26685667037963867
1871,-0.1279260218143463,-0.10145978629589081
1872,-0.022824391722679138,0.07348150759935379
1873,-0.10332877933979034,-0.07591631263494492
1874,-0.12112078815698624,-0.09857465326786041
1875,-0.048235245048999786,0.18879356980323792
1876,-0.137671560049057,-0.21681752800941467
1877,-0.10547392070293427,0.1499597132205963
1878,-0.017643684521317482,0.03993668779730797
1879,-0.123872771859169,-0.036362163722515106
1880,0.04262421280145645,-0.05089028179645538
1881,-0.478000283241272,0.043433137238025665
1882,-0.08604372292757034,-0.1529933214187622
1883,0.2687320113182068,-0.010228000581264496
1884,-0.16132456064224243,-0.25409355759620667
1885,-0.23438678681850433,0.0751696303486824
1886,-0.2880393862724304,0.07360336184501648
1887,0.02376260608434677,-0.17079287767410278
1888,-0.12196138501167297,-0.24881073832511902
1889,0.09945522248744965,0.040993522852659225
1890,0.048420555889606476,-0.21951869130134583
1891,-0.11091084778308868,0.1421615481376648
1892,0.19058285653591156,-0.06450600922107697
1893,0.0741480365395546,-0.10889950394630432
1894,0.07496227324008942,0.005616627633571625
1895,0.11751177906990051,0.15690144896507263
1896,-0.090378537774086,-0.028980035334825516
1897,0.02212991937994957,0.03566716983914375
1898,-0.0035712644457817078,0.11322671920061111
1899,-0.2740944027900696,-0.05724024400115013
1900,0.009127726778388023,0.0803098976612091
1901,0.04902052879333496,-0.053516536951065063
1902,0.08739142119884491,0.07367236167192459
1903,0.16413217782974243,-0.22806666791439056
1904,-0.04189212620258331,-0.09451545029878616
1905,0.004427153617143631,-0.26006942987442017
1906,0.01895713061094284,-0.0038703307509422302
1907,-0.2675098776817322,-0.18046201765537262
